category_name,gst_rate,total_invoices,flagged_invoices,avg_amount,total_amount,flag_rate_pct
IT Services,18.0,5112,832,356814.29,1824034650.3,16.28
Textiles,5.0,5132,833,358796.86,1841345488.07,16.23
Automobiles,28.0,4930,799,352450.33,1737580113.61,16.21
Logistics,5.0,4910,780,346101.53,1699358536.75,15.89
Construction,18.0,5087,802,360103.72,1831847632.28,15.77
Agriculture,0.0,4912,773,363966.83,1787805065.19,15.74
Electronics,18.0,4945,778,359014.88,1775328581.04,15.73
Chemicals,18.0,5048,776,347766.63,1755525969.38,15.37
Food & Beverages,5.0,5008,761,361558.73,1810686105.27,15.2
Pharmaceuticals,12.0,4916,747,343922.41,1690722569.36,15.2
