month,total_invoices,flagged,total_amount,avg_amount
2022-01-01,1400,218,484469300.74,346049.5
2022-02-01,1323,226,479811014.11,362668.94
2022-03-01,1432,233,520764436.83,363662.32
2022-04-01,1378,221,489534068.58,355249.69
2022-05-01,1430,230,515227766.95,360299.14
2022-06-01,1378,190,469798040.23,340927.46
2022-07-01,1394,224,504674045.2,362033.03
2022-08-01,1434,220,524526569.37,365778.64
2022-09-01,1399,242,479614271.95,342826.5
2022-10-01,1447,232,512955846.76,354496.09
2022-11-01,1305,177,467796312.6,358464.61
2022-12-01,1424,210,521031634.83,365893.0
2023-01-01,1387,189,493744522.85,355980.19
2023-02-01,1256,202,467165299.93,371946.89
2023-03-01,1435,207,508799956.37,354564.43
2023-04-01,1319,198,474643674.65,359851.16
2023-05-01,1418,242,515401438.67,363470.69
2023-06-01,1378,201,502039703.92,364324.89
2023-07-01,1409,230,511796565.68,363233.9
2023-08-01,1486,255,542617214.8,365152.9
2023-09-01,1418,238,499808406.76,352474.19
2023-10-01,1487,231,522724078.15,351529.31
2023-11-01,1341,218,479689543.92,357710.32
2023-12-01,1344,223,492713999.85,366602.68
2024-01-01,1395,218,465838403.43,333934.34
2024-02-01,1274,196,447999388.36,351647.87
2024-03-01,1416,248,489223476.21,345496.81
2024-04-01,1411,238,520928257.92,369190.83
2024-05-01,1436,215,498552397.78,347181.34
2024-06-01,1375,228,488036998.85,354936.0
2024-07-01,1444,236,479784883.89,332261.0
2024-08-01,1347,208,474362152.9,352161.95
2024-09-01,1386,224,493674826.35,356186.74
2024-10-01,1357,184,466122667.27,343494.96
2024-11-01,1392,183,464636216.11,333790.39
2024-12-01,1345,246,483727328.48,359648.57
