vendor_id,vendor_name,category,state_code,anomaly_frequency,deviation_magnitude,validation_failures,recency_score,composite_score,risk_tier
166,Vaidya-Dhawan,Food & Beverages,33,82.14,12.89,100.0,18.92,52.29,HIGH
188,Varma Ltd,Logistics,08,83.22,11.91,90.8,19.84,50.67,HIGH
11,"Dave, Pillai and Oommen",Construction,36,15.13,100.0,47.97,30.0,50.13,HIGH
173,Bhatt Group,Textiles,08,88.51,6.6,61.72,33.33,47.54,HIGH
186,Virk PLC,Chemicals,36,92.45,2.65,73.69,19.84,47.24,HIGH
41,"Kamdar, Trivedi and Prabhakar",Agriculture,09,89.56,6.51,70.23,19.42,46.75,HIGH
5,"Soman, Wali and Verma",Textiles,07,70.05,19.2,76.56,18.85,45.86,HIGH
109,Saini PLC,Electronics,09,74.01,15.38,73.99,20.97,45.81,HIGH
23,Bedi Ltd,Pharmaceuticals,09,88.1,9.61,62.61,17.07,45.25,HIGH
164,"Gour, Solanki and Butala",Electronics,36,72.8,15.87,66.67,20.54,44.04,HIGH
146,Chaudhari-Natarajan,Automobiles,08,86.91,8.61,54.6,21.95,43.97,HIGH
149,Chana-Krishna,Construction,09,98.84,3.79,46.29,18.18,43.68,HIGH
37,"Khurana, Sandhu and Acharya",IT Services,06,81.15,11.75,62.61,16.24,43.64,HIGH
168,"Trivedi, Balan and Bala",Automobiles,08,88.98,10.1,44.91,22.58,43.22,HIGH
155,Arya Group,Pharmaceuticals,36,51.53,17.85,81.5,27.38,42.59,HIGH
191,Balan-Jain,Electronics,06,92.01,7.41,41.05,21.14,42.26,HIGH
115,"Deshmukh, Parsa and Mital",IT Services,09,93.97,4.28,46.69,16.67,42.14,HIGH
121,Balasubramanian and Sons,Electronics,06,97.66,0.0,47.97,14.52,41.8,HIGH
34,"Yogi, Bhardwaj and Sachar",Logistics,06,86.8,5.13,54.01,15.5,41.48,HIGH
111,Morar and Sons,Automobiles,33,100.0,0.0,27.4,25.64,40.61,HIGH
78,Buch-Mangal,Agriculture,27,68.75,14.65,60.24,17.12,40.49,HIGH
49,"Patla, Lata and Bali",Pharmaceuticals,29,87.24,9.44,45.4,9.77,40.04,HIGH
205,Lall-Kunda,Chemicals,27,15.21,54.87,33.93,60.0,39.81,HIGH
75,Bandi-Brar,Logistics,36,95.95,0.88,36.1,17.24,39.72,HIGH
170,Dubey-Anne,Logistics,36,80.57,5.63,49.36,14.6,38.65,HIGH
96,Dani Ltd,Agriculture,24,21.49,65.27,45.7,11.11,37.39,HIGH
192,Lad-Gour,Logistics,27,92.95,3.54,25.32,15.57,37.12,HIGH
113,Arora-Buch,Construction,27,30.48,37.88,37.59,42.86,36.6,HIGH
171,Ghosh PLC,IT Services,07,18.02,56.34,48.96,20.0,36.1,HIGH
12,"Baria, Gopal and Magar",Automobiles,19,17.53,77.43,24.13,13.04,35.92,HIGH
142,"Dash, Srinivas and Chaudry",Construction,27,27.47,50.44,26.31,33.33,35.3,HIGH
183,"Date, Kibe and Zacharia",Electronics,08,16.53,43.36,29.18,56.25,35.05,HIGH
107,Kibe-Dixit,Agriculture,08,2.45,48.38,9.4,87.5,34.63,MEDIUM
105,Sha-Warrior,Agriculture,27,15.84,46.02,29.87,50.0,34.53,MEDIUM
152,Bhargava PLC,Construction,06,10.99,72.12,31.55,15.79,34.4,MEDIUM
40,"Rout, Raja and Shan",Pharmaceuticals,07,21.58,17.92,86.84,25.0,34.22,MEDIUM
128,"Bora, Madan and Natarajan",Electronics,27,18.63,54.65,43.32,16.0,33.85,MEDIUM
117,Saraf Group,Pharmaceuticals,29,26.37,40.27,45.5,21.43,33.38,MEDIUM
59,Sachar PLC,Textiles,08,27.67,15.38,70.43,29.17,32.83,MEDIUM
91,Choudhary-Borah,IT Services,36,15.46,66.81,28.09,12.0,32.7,MEDIUM
81,Deo-Lalla,Agriculture,08,17.86,35.4,35.21,47.37,32.49,MEDIUM
172,Misra LLC,IT Services,06,27.67,47.57,39.66,9.09,32.32,MEDIUM
20,Swamy and Sons,Automobiles,24,16.7,46.37,42.24,21.74,31.72,MEDIUM
67,Tak-Tiwari,Automobiles,08,16.34,43.49,23.74,45.0,31.7,MEDIUM
14,"Kala, Sunder and Borra",Food & Beverages,33,22.27,38.41,38.97,28.0,31.6,MEDIUM
101,Kakar-Pandya,Electronics,33,26.26,35.4,52.52,12.9,31.58,MEDIUM
35,"Kala, Dube and Bath",Food & Beverages,33,6.45,76.99,12.86,18.75,31.35,MEDIUM
44,"Prasad, Majumdar and Subramanian",Textiles,24,9.2,69.03,28.09,11.11,31.31,MEDIUM
137,"Natt, Om and Basak",Pharmaceuticals,27,15.32,38.72,41.44,31.58,30.82,MEDIUM
6,"Vora, Pandya and Kar",Textiles,19,14.19,38.05,41.64,33.33,30.67,MEDIUM
106,"Chandra, Khare and Bir",IT Services,33,23.48,33.85,27.1,39.13,30.44,MEDIUM
7,Keer Ltd,Agriculture,08,83.69,0.0,4.45,20.88,30.17,MEDIUM
125,Randhawa and Sons,Chemicals,07,11.13,39.82,29.97,43.75,30.03,MEDIUM
120,"Batta, Rau and Gaba",Automobiles,06,32.35,26.37,29.18,32.14,29.88,MEDIUM
15,"Kala, Narayan and Virk",IT Services,19,48.14,10.55,46.79,14.29,29.82,MEDIUM
31,"Soni, Pingle and Pillai",Automobiles,19,29.29,26.42,19.39,45.83,29.76,MEDIUM
167,Seshadri PLC,Automobiles,19,19.51,46.37,38.58,11.11,29.7,MEDIUM
176,"Subramanian, Lad and Atwal",Construction,24,18.85,35.84,34.82,28.0,28.97,MEDIUM
200,"Varma, Soni and Savant",Textiles,09,8.98,59.88,23.24,17.65,28.84,MEDIUM
169,"Bala, Reddy and Gera",Electronics,07,23.84,40.96,18.4,28.0,28.72,MEDIUM
150,Babu Ltd,Agriculture,29,19.04,50.88,25.62,13.04,28.71,MEDIUM
86,Sachdeva LLC,IT Services,07,13.03,51.86,29.08,16.67,28.62,MEDIUM
19,Bose-Atwal,Chemicals,24,24.44,37.61,24.83,25.0,28.58,MEDIUM
43,"Gokhale, Sankaran and Murthy",Logistics,33,29.87,33.63,44.02,2.5,28.35,MEDIUM
102,Mahajan and Sons,Textiles,07,8.1,72.57,20.67,0.0,28.33,MEDIUM
76,Dyal and Sons,Electronics,19,14.99,40.27,21.66,36.84,28.28,MEDIUM
58,Mani Group,Agriculture,36,14.96,48.93,37.19,8.0,28.2,MEDIUM
138,Grewal-Krishnan,Electronics,09,17.69,46.46,25.62,19.05,28.18,MEDIUM
175,"Dhillon, Sibal and Sharaf",Agriculture,27,14.33,24.27,34.62,47.37,27.98,MEDIUM
93,"Viswanathan, Chahal and Srivastava",Pharmaceuticals,19,28.52,18.29,33.73,35.71,27.93,MEDIUM
61,"Grewal, Chowdhury and Mander",Food & Beverages,07,11.93,56.19,11.67,25.0,27.77,MEDIUM
185,Shanker and Sons,Textiles,19,8.87,52.21,19.98,26.67,27.66,MEDIUM
24,Barad-Nanda,Construction,36,16.78,33.41,39.86,22.73,27.57,MEDIUM
47,"Nath, Nigam and Bahl",Construction,08,2.31,65.04,20.08,16.67,27.56,MEDIUM
72,Nayar Ltd,IT Services,06,10.88,57.52,23.94,10.53,27.42,MEDIUM
94,Kala-Karnik,Logistics,29,15.84,38.94,39.56,14.29,27.21,MEDIUM
18,Prakash Inc,Agriculture,07,12.92,39.68,27.89,27.78,26.91,MEDIUM
140,"Narula, Zacharia and Bahri",Automobiles,33,21.36,36.73,15.23,30.77,26.62,MEDIUM
124,Rattan-Sengupta,Food & Beverages,09,24.75,31.86,28.19,20.0,26.62,MEDIUM
174,Gour-Arora,Logistics,19,7.83,48.23,37.09,11.76,26.59,MEDIUM
45,Suresh-Chaudhry,Chemicals,24,26.67,24.78,28.78,26.92,26.58,MEDIUM
48,Loke LLC,IT Services,06,26.95,32.74,33.43,8.82,26.36,MEDIUM
207,"Rana, Solanki and Khurana",Construction,06,9.48,44.54,20.87,29.41,26.26,MEDIUM
69,D’Alia-Khosla,Construction,27,22.21,12.17,63.7,14.71,26.0,MEDIUM
193,Oommen PLC,Construction,33,19.21,26.11,25.42,36.36,25.95,MEDIUM
39,Kuruvilla-Balay,Food & Beverages,27,15.93,30.31,28.49,31.58,25.88,MEDIUM
127,"Naidu, Chaudry and Rana",Electronics,08,15.98,42.3,10.68,30.43,25.71,MEDIUM
82,Bumb-Gola,Textiles,24,21.93,40.41,16.32,17.86,25.54,MEDIUM
202,Kara Group,Chemicals,06,6.12,5.75,9.3,100.0,25.42,MEDIUM
123,"Kuruvilla, Amble and Dhar",Electronics,07,15.87,41.81,32.64,7.69,25.37,MEDIUM
95,Korpal-Misra,Pharmaceuticals,29,15.98,21.24,44.61,26.32,25.35,MEDIUM
209,"Gokhale, Vyas and Saha",Pharmaceuticals,08,16.78,40.71,17.8,22.73,25.35,MEDIUM
52,Lad Inc,Logistics,29,13.53,23.23,38.58,31.58,25.06,MEDIUM
60,Modi-Hayer,Construction,33,26.23,12.83,53.41,12.12,24.83,MEDIUM
38,Wali and Sons,Automobiles,29,9.2,44.25,18.89,25.0,24.81,MEDIUM
103,"Solanki, Balan and Kapur",Food & Beverages,33,28.77,13.27,46.69,13.89,24.73,MEDIUM
162,"Hari, Narayanan and Sarkar",Automobiles,36,19.79,26.99,28.98,24.0,24.63,MEDIUM
2,Kannan-Mishra,Construction,19,14.33,23.01,29.48,36.84,24.46,MEDIUM
66,Wable-Das,Electronics,24,15.98,41.15,18.1,18.18,24.4,MEDIUM
114,"Bala, Shenoy and Ram",Logistics,19,14.47,31.86,13.45,38.89,24.37,MEDIUM
53,Puri Ltd,Construction,29,17.11,21.68,27.89,35.29,24.27,MEDIUM
30,Magar LLC,Logistics,06,6.86,55.93,14.54,12.5,24.25,MEDIUM
104,Chand-Sunder,Chemicals,27,12.76,38.79,24.83,19.05,24.24,MEDIUM
71,"Mohanty, Setty and Manda",Logistics,19,16.2,21.24,52.03,12.5,24.14,MEDIUM
26,"Kalla, Mohanty and Gade",Electronics,36,23.12,31.86,20.47,17.24,24.04,MEDIUM
112,"Gade, Luthra and Keer",Construction,27,6.2,51.33,19.98,13.33,23.92,MEDIUM
161,Rajan-Sant,Electronics,09,24.28,21.68,37.19,12.9,23.81,MEDIUM
16,"Nadkarni, Gade and Amble",Agriculture,06,16.34,36.41,31.85,7.41,23.68,MEDIUM
56,Wagle Group,Pharmaceuticals,29,21.33,17.92,22.95,36.36,23.64,MEDIUM
70,Ganesh LLC,Agriculture,36,8.62,17.26,45.2,33.33,23.47,MEDIUM
98,Saha-Loke,Food & Beverages,27,11.9,28.32,18.99,37.5,23.37,MEDIUM
181,Choudhary-Bajaj,Automobiles,07,23.12,25.66,21.36,22.22,23.35,MEDIUM
73,"Purohit, Issac and Memon",Agriculture,36,26.95,20.8,29.18,15.63,23.29,MEDIUM
3,"More, Chandran and Deol",Agriculture,08,12.46,20.21,25.82,41.18,23.2,MEDIUM
199,Sachar and Sons,Electronics,24,22.6,18.84,30.66,23.08,23.18,MEDIUM
160,Krish-Parekh,Logistics,27,16.15,34.01,27.3,13.04,23.11,MEDIUM
130,Sahota PLC,Chemicals,07,18.85,33.19,14.74,22.73,23.1,MEDIUM
63,Sethi LLC,Electronics,07,26.51,18.14,42.63,5.88,23.1,MEDIUM
122,Venkataraman-Kata,Food & Beverages,29,12.07,38.23,25.42,14.29,23.03,MEDIUM
46,Narula-Sarna,Electronics,29,10.39,23.45,26.31,37.5,22.91,MEDIUM
68,Gopal Inc,Pharmaceuticals,19,20.61,23.01,23.24,25.0,22.74,MEDIUM
36,"Chada, Palla and Kohli",Electronics,24,8.62,37.35,34.12,10.53,22.72,MEDIUM
55,"Peri, Karpe and Menon",Chemicals,09,7.55,55.75,5.64,12.5,22.62,MEDIUM
80,"Prakash, Shroff and Kumer",IT Services,36,21.55,22.57,39.66,6.9,22.55,MEDIUM
208,Bains-Brar,Electronics,24,24.97,14.6,46.49,6.06,22.38,MEDIUM
145,Wadhwa Inc,Construction,06,9.75,33.19,11.77,35.29,22.29,MEDIUM
143,Dutt-Kumar,Logistics,08,14.05,38.64,27.79,4.35,22.24,MEDIUM
77,"Dass, Sant and Parmer",Pharmaceuticals,09,11.27,12.61,21.17,53.85,22.17,MEDIUM
156,"Garde, Rastogi and Agrawal",IT Services,06,25.1,14.6,36.5,13.79,21.97,MEDIUM
27,"Nigam, Deshpande and Gill",Construction,33,5.92,36.06,18.0,28.57,21.91,MEDIUM
187,Natt Ltd,IT Services,29,8.51,43.36,11.18,20.0,21.8,MEDIUM
165,"Wagle, Palla and Sood",Construction,09,20.14,25.07,19.39,21.74,21.79,MEDIUM
118,Bhagat PLC,Construction,36,16.37,19.03,24.23,31.58,21.78,MEDIUM
25,"Mander, Chaudry and Mandal",Construction,19,14.71,15.49,25.72,36.84,21.57,MEDIUM
33,Swaminathan Group,Agriculture,06,20.78,18.96,30.86,17.39,21.57,MEDIUM
83,Varghese-Toor,Textiles,08,16.37,32.74,14.84,19.05,21.51,MEDIUM
74,"Rattan, Bhatia and Muni",Textiles,19,12.81,42.77,19.58,4.0,21.39,MEDIUM
89,Mishra PLC,Pharmaceuticals,09,21.52,16.06,23.34,25.93,21.13,MEDIUM
197,"Sani, Chakrabarti and Garg",Pharmaceuticals,09,6.64,45.13,0.0,26.67,20.87,MEDIUM
194,Naik-Khosla,Logistics,24,18.35,21.95,24.93,18.18,20.71,MEDIUM
9,"Prakash, Mitter and Goswami",Logistics,08,19.1,30.09,17.71,11.54,20.6,MEDIUM
184,"Sani, Pau and Mammen",Chemicals,07,9.56,30.09,9.99,33.33,20.56,MEDIUM
108,"Halder, Srinivasan and Mammen",Chemicals,33,18.99,17.11,19.09,28.0,20.25,MEDIUM
42,Ramesh-Sani,Chemicals,09,20.78,30.75,11.08,12.5,20.17,MEDIUM
119,Sachdev-Sahni,Electronics,29,9.07,33.45,26.11,10.53,20.08,MEDIUM
21,"Sandhu, Gupta and Arora",Pharmaceuticals,29,14.63,15.63,39.76,15.0,20.03,MEDIUM
144,Pall-Bhatia,Pharmaceuticals,33,10.88,29.65,29.67,9.52,20.0,LOW
134,Buch-Shukla,Logistics,07,18.02,26.77,25.42,7.41,20.0,MEDIUM
28,Swaminathan-Datta,Logistics,19,7.55,22.42,21.36,33.33,19.93,LOW
110,Sahota Group,Agriculture,19,19.18,16.22,29.18,17.39,19.93,LOW
151,"Dhar, Buch and Dasgupta",Textiles,33,8.85,27.43,27.6,17.65,19.93,LOW
65,Varghese Group,IT Services,08,9.29,29.5,30.86,10.53,19.91,LOW
148,"Chand, Raju and Rajagopalan",Food & Beverages,08,17.0,29.79,11.97,16.0,19.63,LOW
195,Raval Ltd,Pharmaceuticals,08,16.75,17.52,32.54,13.04,19.4,LOW
62,Venkatesh Inc,Automobiles,36,7.69,22.57,20.18,31.25,19.36,LOW
90,"Shere, Parikh and Prabhakar",Automobiles,09,17.36,8.85,33.33,23.81,19.29,LOW
17,Khatri LLC,Chemicals,06,22.62,22.83,15.33,12.9,19.28,LOW
153,Gaba Ltd,Construction,09,19.7,16.37,29.67,12.5,19.26,LOW
203,Chowdhury LLC,Pharmaceuticals,27,8.13,30.27,25.62,12.5,19.14,LOW
135,"Subramanian, Pant and Sarna",IT Services,27,26.43,24.56,16.22,2.78,19.1,LOW
159,"Chhabra, Ahuja and Sekhon",Chemicals,19,13.17,21.83,24.04,18.18,18.94,LOW
177,Shetty-Biswas,Logistics,08,14.27,2.46,47.87,21.21,18.84,LOW
196,"Tank, Rana and Keer",Pharmaceuticals,36,11.74,28.1,13.25,21.05,18.81,LOW
131,Agrawal-Balan,Construction,19,10.88,25.96,16.91,21.05,18.65,LOW
92,Gupta-Munshi,Automobiles,27,14.19,26.33,19.78,12.5,18.61,LOW
22,"Jayaraman, Narang and Toor",Logistics,24,8.74,46.73,4.15,5.0,18.47,LOW
84,Biswas PLC,Chemicals,06,15.38,23.89,29.38,3.85,18.43,LOW
99,Kanda-Cherian,IT Services,09,10.69,37.17,6.63,11.76,18.04,LOW
32,Kadakia Inc,Food & Beverages,07,6.14,26.77,4.06,35.71,17.83,LOW
179,Halder-Batta,Logistics,33,18.93,11.73,30.66,11.54,17.64,LOW
154,"Das, Kala and Muni",Agriculture,19,12.12,28.32,18.0,9.52,17.64,LOW
50,Kant and Sons,Electronics,27,16.26,15.04,28.98,12.0,17.59,LOW
4,"Manda, Mane and Nagarajan",Textiles,36,19.21,8.5,25.42,20.0,17.39,LOW
116,"Sharma, Karnik and Chaudhry",Automobiles,24,13.59,29.5,6.03,15.79,17.29,LOW
198,Parikh-Sarin,Automobiles,06,10.69,32.62,11.57,9.09,17.13,LOW
79,"Goyal, Mandal and Swaminathan",Agriculture,06,8.85,20.18,23.05,17.65,16.85,LOW
180,Contractor-Nazareth,Textiles,24,20.78,19.47,8.01,14.29,16.53,LOW
147,Dube Ltd,Food & Beverages,36,12.32,20.0,24.13,10.0,16.52,LOW
136,Jaggi-Bhavsar,Automobiles,08,21.41,13.57,29.48,0.0,16.39,LOW
182,Wagle-Nagar,Agriculture,29,13.92,13.27,21.76,19.05,16.32,LOW
206,"Dave, Kara and Maharaj",IT Services,09,6.75,33.63,14.44,5.88,16.18,LOW
87,Dara PLC,Textiles,08,23.28,10.62,16.42,13.33,16.12,LOW
178,"Pandya, Bawa and Sarin",Construction,06,8.27,30.44,15.92,5.88,15.97,LOW
201,Dhingra-Prabhu,Pharmaceuticals,27,2.67,18.94,12.66,33.33,15.68,LOW
54,Kibe LLC,IT Services,06,4.57,31.12,10.09,14.29,15.58,LOW
163,Modi PLC,Logistics,19,8.51,29.06,4.06,16.67,15.42,LOW
158,"Kant, Handa and Sane",Construction,33,16.45,10.4,18.5,18.18,15.39,LOW
157,Kothari PLC,Textiles,19,7.96,18.92,17.51,17.65,15.1,LOW
139,Boase Ltd,Construction,36,15.21,29.98,7.52,0.0,15.06,LOW
1,Khalsa LLC,Pharmaceuticals,24,10.58,15.71,15.53,20.0,14.99,LOW
132,Patla-Virk,Agriculture,29,15.98,3.54,25.22,20.0,14.9,LOW
13,Varkey-Loyal,Food & Beverages,19,9.7,9.2,21.17,22.22,14.35,LOW
129,"Om, Lalla and Dyal",IT Services,19,12.07,9.44,12.66,26.32,14.25,LOW
204,"Deshmukh, Chaudry and Yohannan",IT Services,29,13.89,19.47,10.19,9.52,13.95,LOW
51,Bali Group,Logistics,07,0.0,13.81,18.5,30.0,13.84,LOW
57,Vig Group,IT Services,19,11.13,27.43,11.08,0.0,13.79,LOW
8,Nadkarni PLC,Construction,33,13.61,19.47,14.74,4.55,13.78,LOW
190,Ganesan Inc,Food & Beverages,27,9.64,18.58,22.45,0.0,12.96,LOW
126,Iyengar-Gopal,Food & Beverages,09,6.12,30.75,9.3,0.0,12.92,LOW
10,Banik LLC,Pharmaceuticals,06,10.39,22.5,13.16,0.0,12.5,LOW
100,Anne Inc,Electronics,24,18.82,10.27,9.4,7.69,12.14,LOW
210,Chatterjee and Sons,Construction,24,7.08,32.08,0.69,0.0,11.89,LOW
64,"Chada, Cherian and Anand",Textiles,19,3.36,3.1,24.43,25.0,11.82,LOW
88,Mandal Inc,Automobiles,09,12.7,9.44,4.35,20.0,11.51,LOW
85,Gala-Jhaveri,Textiles,19,5.18,16.81,0.99,23.08,11.41,LOW
97,"Shere, Mahajan and Mitra",Construction,24,8.96,14.82,16.12,4.76,11.31,LOW
29,Sharaf-Acharya,Logistics,07,8.13,15.04,6.63,15.0,11.28,LOW
133,"Sule, Patel and Hayer",Electronics,36,8.62,20.35,9.3,0.0,10.55,LOW
141,Deshpande Ltd,Electronics,07,13.59,2.65,20.67,0.0,9.01,LOW
189,Bhakta Ltd,Automobiles,09,4.35,0.0,16.12,15.38,7.61,LOW
